,fixed acidity,volatile acidity,citric acid,quality
0,7.4,0.7,0.0,5
1,7.8,0.88,0.0,5
2,7.8,0.76,0.04,5
3,11.2,0.28,0.56,6
4,7.4,0.7,0.0,5
5,7.4,0.66,0.0,5
6,7.9,0.6,0.06,5
7,7.3,0.65,0.0,7
8,7.8,0.58,0.02,7
9,7.5,0.5,0.36,5
10,6.7,0.58,0.08,5
11,7.5,0.5,0.36,5
12,5.6,0.615,0.0,5
13,7.8,0.61,0.29,5
14,8.9,0.62,0.18,5
15,8.9,0.62,0.19,5
16,8.5,0.28,0.56,7
17,8.1,0.56,0.28,5
18,7.4,0.59,0.08,4
19,7.9,0.32,0.51,6
20,8.9,0.22,0.48,6
21,7.6,0.39,0.31,5
22,7.9,0.43,0.21,5
23,8.5,0.49,0.11,5
24,6.9,0.4,0.14,6
25,6.3,0.39,0.16,5
26,7.6,0.41,0.24,5
27,7.9,0.43,0.21,5
28,7.1,0.71,0.0,5
29,7.8,0.645,0.0,6
30,6.7,0.675,0.07,5
31,6.9,0.685,0.0,6
32,8.3,0.655,0.12,5
33,6.9,0.605,0.12,6
34,5.2,0.32,0.25,5
35,7.8,0.645,0.0,6
36,7.8,0.6,0.14,6
37,8.1,0.38,0.28,7
38,5.7,1.0150000000000001,0.09,4
39,7.3,0.45,0.36,5
40,7.3,0.45,0.36,5
41,8.8,0.61,0.3,4
42,7.5,0.49,0.2,6
43,8.1,0.66,0.22,5
44,6.8,0.67,0.02,5
45,4.6,0.52,0.15,4
46,7.7,0.935,0.43,5
47,8.7,0.29,0.52,5
48,6.4,0.4,0.23,5
49,5.6,0.31,0.37,5
50,8.8,0.66,0.26,5
51,6.6,0.52,0.04,6
52,6.6,0.5,0.04,6
53,8.6,0.38,0.36,5
54,7.6,0.51,0.15,6
55,7.7,0.62,0.04,5
56,10.2,0.42,0.57,5
57,7.5,0.63,0.12,5
58,7.8,0.59,0.18,5
59,7.3,0.39,0.31,6
60,8.8,0.4,0.4,5
61,7.7,0.69,0.49,5
62,7.5,0.52,0.16,7
63,7.0,0.735,0.05,5
64,7.2,0.725,0.05,5
65,7.2,0.725,0.05,5
66,7.5,0.52,0.11,5
67,6.6,0.705,0.07,5
68,9.3,0.32,0.57,5
69,8.0,0.705,0.05,6
70,7.7,0.63,0.08,6
71,7.7,0.67,0.23,5
72,7.7,0.69,0.22,5
73,8.3,0.675,0.26,4
74,9.7,0.32,0.54,5
75,8.8,0.41,0.64,5
76,8.8,0.41,0.64,5
77,6.8,0.785,0.0,6
78,6.7,0.75,0.12,5
79,8.3,0.625,0.2,4
80,6.2,0.45,0.2,5
81,7.8,0.43,0.7,5
82,7.4,0.5,0.47,5
83,7.3,0.67,0.26,5
84,6.3,0.3,0.48,6
85,6.9,0.55,0.15,5
86,8.6,0.49,0.28,6
87,7.7,0.49,0.26,5
88,9.3,0.39,0.44,5
89,7.0,0.62,0.08,5
90,7.9,0.52,0.26,5
91,8.6,0.49,0.28,6
92,8.6,0.49,0.29,5
93,7.7,0.49,0.26,5
94,5.0,1.0150000000000001,0.04,4
95,4.7,0.6,0.17,6
96,6.8,0.775,0.0,5
97,7.0,0.5,0.25,5
98,7.6,0.9,0.06,5
99,8.1,0.545,0.18,6
100,8.3,0.61,0.3,6
101,7.8,0.5,0.3,6
102,8.1,0.545,0.18,6
103,8.1,0.575,0.22,5
104,7.2,0.49,0.24,5
105,8.1,0.575,0.22,5
106,7.8,0.41,0.68,5
107,6.2,0.63,0.31,5
108,8.0,0.33,0.53,6
109,8.1,0.785,0.52,5
110,7.8,0.56,0.19,5
111,8.4,0.62,0.09,5
112,8.4,0.6,0.1,5
113,10.1,0.31,0.44,6
114,7.8,0.56,0.19,5
115,9.4,0.4,0.31,6
116,8.3,0.54,0.28,6
117,7.8,0.56,0.12,6
118,8.8,0.55,0.04,6
119,7.0,0.69,0.08,6
120,7.3,1.0150000000000001,0.09,5
121,8.8,0.55,0.04,6
122,7.3,0.695,0.0,5
123,8.0,0.71,0.0,5
124,7.8,0.5,0.17,5
125,9.0,0.62,0.04,5
126,8.2,1.0150000000000001,0.0,5
127,8.1,1.0150000000000001,0.0,5
128,8.0,0.59,0.16,7
129,6.1,0.38,0.15,5
130,8.0,0.745,0.56,5
131,5.6,0.5,0.09,5
132,5.6,0.5,0.09,5
133,6.6,0.5,0.01,6
134,7.9,1.0150000000000001,0.05,6
135,8.4,0.745,0.11,5
136,8.3,0.715,0.15,5
137,7.2,0.415,0.36,5
138,7.8,0.56,0.19,5
139,7.8,0.56,0.19,5
140,8.4,0.745,0.11,5
141,8.3,0.715,0.15,5
142,5.2,0.34,0.0,6
143,6.3,0.39,0.08,5
144,5.2,0.34,0.0,6
145,8.1,0.67,0.55,5
146,5.8,0.68,0.02,5
147,7.6,0.49,0.26,5
148,6.9,0.49,0.1,6
149,8.2,0.4,0.44,6
150,7.3,0.33,0.47,6
151,9.2,0.52,0.9149999999999999,4
152,7.5,0.6,0.03,5
153,7.5,0.6,0.03,5
154,7.1,0.43,0.42,5
155,7.1,0.43,0.42,5
156,7.1,0.43,0.42,5
157,7.1,0.43,0.42,5
158,7.1,0.68,0.0,5
159,6.8,0.6,0.18,6
160,7.6,0.95,0.03,5
161,7.6,0.68,0.02,4
162,7.8,0.53,0.04,6
163,7.4,0.6,0.26,5
164,7.3,0.59,0.26,5
165,7.8,0.63,0.48,5
166,6.8,0.64,0.1,5
167,7.3,0.55,0.03,4
168,6.8,0.63,0.07,6
169,7.5,0.705,0.24,5
170,7.9,0.885,0.03,4
171,8.0,0.42,0.17,6
172,8.0,0.42,0.17,6
173,7.4,0.62,0.05,6
174,7.3,0.38,0.21,5
175,6.9,0.5,0.04,5
176,7.3,0.38,0.21,5
177,7.5,0.52,0.42,6
178,7.0,0.805,0.0,5
179,8.8,0.61,0.14,5
180,8.8,0.61,0.14,5
181,8.9,0.61,0.49,5
182,7.2,0.73,0.02,5
183,6.8,0.61,0.2,5
184,6.7,0.62,0.21,6
185,8.9,0.31,0.57,5
186,7.4,0.39,0.48,5
187,7.7,0.705,0.1,5
188,7.9,0.5,0.33,5
189,7.9,0.49,0.32,5
190,8.2,0.5,0.35,5
191,6.4,0.37,0.25,6
192,6.8,0.63,0.12,5
193,7.6,0.55,0.21,5
194,7.6,0.55,0.21,5
195,7.8,0.59,0.33,5
196,7.3,0.58,0.3,5
197,11.5,0.3,0.6,6
198,5.4,0.835,0.08,7
199,6.9,1.0150000000000001,0.06,4
200,9.6,0.32,0.47,7
201,8.8,0.37,0.48,5
202,6.8,0.5,0.11,5
203,7.0,0.42,0.35,5
204,7.0,0.43,0.36,6
205,12.349999999999998,0.3,0.74,7
206,12.349999999999998,0.3,0.74,7
207,7.8,0.57,0.31,5
208,7.8,0.44,0.28,5
209,11.0,0.3,0.58,7
210,9.7,0.53,0.6,6
211,8.0,0.725,0.24,6
212,11.6,0.44,0.64,6
213,8.2,0.57,0.26,5
214,7.8,0.735,0.08,6
215,7.0,0.49,0.49,5
216,8.7,0.625,0.16,5
217,8.1,0.725,0.22,5
218,7.5,0.49,0.19,5
219,7.8,0.53,0.33,5
220,7.8,0.34,0.37,6
221,7.4,0.53,0.26,5
222,6.8,0.61,0.04,5
223,8.6,0.645,0.25,6
224,8.4,0.635,0.36,4
225,7.7,0.43,0.25,6
226,8.9,0.59,0.5,6
227,9.0,0.82,0.14,5
228,7.7,0.43,0.25,6
229,6.9,0.52,0.25,5
230,5.2,0.48,0.04,7
231,8.0,0.38,0.06,6
232,8.5,0.37,0.2,6
233,6.9,0.52,0.25,5
234,8.2,1.0,0.09,6
235,7.2,0.63,0.0,6
236,7.2,0.63,0.0,6
237,7.2,0.645,0.0,6
238,7.2,0.63,0.0,6
239,8.2,1.0,0.09,6
240,8.9,0.635,0.37,5
241,12.0,0.38,0.56,6
242,7.7,0.58,0.1,6
243,12.349999999999998,0.21,0.44,7
244,12.349999999999998,0.21,0.44,7
245,7.3,0.66,0.0,6
246,7.1,0.68,0.07,5
247,8.2,0.6,0.17,5
248,7.7,0.53,0.06,6
249,7.3,0.66,0.0,6
250,10.8,0.32,0.44,6
251,7.1,0.6,0.0,6
252,11.1,0.35,0.48,5
253,7.7,0.775,0.42,5
254,7.1,0.6,0.0,6
255,8.0,0.57,0.23,5
256,9.4,0.34,0.37,5
257,6.6,0.695,0.0,5
258,7.7,0.41,0.76,5
259,10.0,0.31,0.47,7
260,7.9,0.33,0.23,5
261,7.0,0.975,0.04,4
262,8.0,0.52,0.03,5
263,7.9,0.37,0.23,5
264,12.349999999999998,0.56,0.49,5
265,11.8,0.26,0.52,7
266,8.1,0.87,0.0,4
267,7.9,0.35,0.46,8
268,6.9,0.54,0.04,6
269,11.5,0.18,0.51,6
270,7.9,0.545,0.06,6
271,11.5,0.18,0.51,6
272,10.9,0.37,0.58,5
273,8.4,0.715,0.2,5
274,7.5,0.65,0.18,5
275,7.9,0.545,0.06,6
276,6.9,0.54,0.04,6
277,11.5,0.18,0.51,6
278,10.3,0.32,0.45,8
279,8.9,0.4,0.32,7
280,11.4,0.26,0.44,6
281,7.7,0.27,0.68,7
282,7.6,0.52,0.12,5
283,8.9,0.4,0.32,7
284,9.9,0.59,0.07,5
285,9.9,0.59,0.07,5
286,12.0,0.45,0.55,6
287,7.5,0.4,0.12,6
288,8.7,0.52,0.09,7
289,11.6,0.42,0.53,5
290,8.7,0.52,0.09,7
291,11.0,0.2,0.48,5
292,10.4,0.55,0.23,6
293,6.9,0.36,0.25,6
294,12.349999999999998,0.34,0.52,6
295,10.8,0.5,0.46,5
296,10.6,0.83,0.37,5
297,7.1,0.63,0.06,5
298,7.2,0.65,0.02,5
299,6.9,0.67,0.06,5
300,7.5,0.53,0.06,6
301,11.1,0.18,0.48,6
302,8.3,0.705,0.12,5
303,7.4,0.67,0.12,5
304,8.4,0.65,0.6,5
305,10.3,0.53,0.48,6
306,7.6,0.62,0.32,5
307,10.3,0.41,0.42,6
308,10.3,0.43,0.44,6
309,7.4,0.29,0.38,6
310,10.3,0.53,0.48,6
311,7.9,0.53,0.24,6
312,9.0,0.46,0.31,6
313,8.6,0.47,0.3,5
314,7.4,0.36,0.29,5
315,7.1,0.35,0.29,6
316,9.6,0.56,0.23,5
317,9.6,0.77,0.12,6
318,9.8,0.66,0.39,7
319,9.6,0.77,0.12,6
320,9.8,0.66,0.39,7
321,9.3,0.61,0.26,5
322,7.8,0.62,0.05,5
323,10.3,0.59,0.42,6
324,10.0,0.49,0.2,6
325,10.0,0.49,0.2,6
326,11.6,0.53,0.66,7
327,10.3,0.44,0.5,5
328,12.349999999999998,0.27,0.62,6
329,10.7,0.46,0.39,5
330,10.2,0.36,0.64,6
331,10.2,0.36,0.64,6
332,8.0,0.58,0.28,6
333,8.4,0.56,0.08,5
334,7.9,0.65,0.01,7
335,11.9,0.695,0.53,7
336,8.9,0.43,0.45,6
337,7.8,0.43,0.32,5
338,12.349999999999998,0.49,0.58,6
339,12.349999999999998,0.28,0.54,7
340,12.2,0.34,0.5,6
341,10.6,0.42,0.48,6
342,10.9,0.39,0.47,6
343,10.9,0.39,0.47,6
344,11.9,0.57,0.5,6
345,7.0,0.685,0.0,5
346,6.6,0.815,0.02,7
347,12.349999999999998,0.49,0.67,6
348,9.6,0.56,0.31,6
349,9.1,0.785,0.0,6
350,10.7,0.67,0.22,6
351,9.1,0.795,0.0,6
352,7.7,0.665,0.0,5
353,12.349999999999998,0.53,0.79,5
354,6.1,0.21,0.4,6
355,6.7,0.75,0.01,6
356,11.5,0.41,0.52,5
357,10.5,0.42,0.66,7
358,11.9,0.43,0.66,7
359,12.349999999999998,0.38,0.66,6
360,8.2,0.7,0.23,5
361,8.6,0.45,0.31,6
362,11.9,0.58,0.66,5
363,12.349999999999998,0.46,0.63,5
364,12.349999999999998,0.615,0.66,7
365,10.0,0.42,0.5,6
366,12.349999999999998,0.615,0.66,7
367,10.4,0.575,0.61,5
368,10.3,0.34,0.52,5
369,9.4,0.27,0.53,7
370,6.9,0.765,0.02,5
371,7.9,0.24,0.4,6
372,9.1,0.28,0.48,6
373,7.4,0.55,0.22,5
374,12.349999999999998,0.41,0.63,6
375,11.5,0.54,0.71,7
376,11.5,0.45,0.5,6
377,9.4,0.27,0.53,7
378,11.4,0.625,0.66,6
379,8.3,0.42,0.38,6
380,8.3,0.26,0.42,6
381,12.349999999999998,0.415,0.68,6
382,8.3,0.26,0.42,6
383,8.3,0.26,0.42,6
384,7.7,0.51,0.28,5
385,7.4,0.63,0.07,6
386,7.8,0.54,0.26,6
387,8.3,0.66,0.15,6
388,7.8,0.46,0.26,6
389,9.6,0.38,0.31,7
390,5.6,0.85,0.05,8
391,12.349999999999998,0.415,0.68,6
392,9.5,0.37,0.52,5
393,8.4,0.665,0.61,5
394,12.349999999999998,0.6,0.65,5
395,12.0,0.37,0.76,7
396,6.6,0.735,0.02,5
397,11.5,0.59,0.59,6
398,11.5,0.59,0.59,6
399,8.7,0.765,0.22,5
400,6.6,0.735,0.02,5
401,7.7,0.26,0.3,6
402,12.2,0.48,0.54,6
403,11.4,0.6,0.49,6
404,7.7,0.69,0.05,5
405,8.7,0.31,0.46,6
406,9.8,0.44,0.47,6
407,12.0,0.39,0.66,7
408,10.4,0.34,0.58,6
409,12.349999999999998,0.46,0.49,4
410,9.0,0.43,0.34,6
411,9.1,0.45,0.35,5
412,7.1,0.735,0.16,5
413,9.9,0.4,0.53,7
414,8.8,0.52,0.34,5
415,8.6,0.725,0.24,5
416,10.6,0.48,0.64,6
417,7.0,0.58,0.12,5
418,11.9,0.38,0.51,6
419,6.8,0.77,0.0,5
420,9.5,0.56,0.33,7
421,6.6,0.84,0.03,7
422,7.7,0.96,0.2,5
423,10.5,0.24,0.47,7
424,7.7,0.96,0.2,5
425,6.6,0.84,0.03,7
426,6.4,0.67,0.08,6
427,9.5,0.78,0.22,6
428,9.1,0.52,0.33,5
429,12.349999999999998,0.84,0.63,6
430,10.5,0.24,0.47,7
431,7.8,0.55,0.35,5
432,11.9,0.37,0.69,6
433,12.3,0.39,0.63,5
434,10.4,0.41,0.55,6
435,12.3,0.39,0.63,5
436,8.0,0.67,0.3,6
437,11.1,0.45,0.73,6
438,10.4,0.41,0.55,6
439,7.0,0.62,0.18,5
440,12.349999999999998,0.31,0.72,8
441,11.9,0.4,0.65,6
442,12.349999999999998,0.685,0.76,7
443,10.0,0.44,0.49,7
444,5.3,0.57,0.01,7
445,9.5,0.735,0.1,6
446,12.349999999999998,0.38,0.6,5
447,9.3,0.48,0.29,5
448,8.6,0.53,0.22,6
449,11.9,0.39,0.69,6
450,11.9,0.39,0.69,6
451,8.4,0.37,0.53,6
452,6.8,0.56,0.03,6
453,10.4,0.33,0.63,7
454,7.0,0.23,0.4,5
455,11.3,0.62,0.67,8
456,8.9,0.59,0.39,5
457,9.2,0.63,0.21,5
458,10.4,0.33,0.63,7
459,11.6,0.58,0.66,3
460,9.2,0.43,0.52,6
461,8.3,0.615,0.22,5
462,11.0,0.26,0.68,5
463,8.1,0.66,0.7,5
464,11.5,0.315,0.54,6
465,10.0,0.29,0.4,5
466,10.3,0.5,0.42,6
467,8.8,0.46,0.45,6
468,11.4,0.36,0.69,6
469,8.7,0.82,0.02,5
470,12.349999999999998,0.32,0.65,5
471,9.6,0.54,0.42,6
472,12.349999999999998,0.37,0.55,6
473,9.9,0.35,0.55,5
474,10.5,0.28,0.51,6
475,9.6,0.68,0.24,5
476,9.3,0.27,0.41,5
477,10.4,0.24,0.49,6
478,9.6,0.68,0.24,5
479,9.4,0.685,0.11,6
480,10.6,0.28,0.39,5
481,9.4,0.3,0.56,8
482,10.6,0.36,0.59,5
483,10.6,0.36,0.6,5
484,10.6,0.44,0.68,6
485,10.2,0.67,0.39,5
486,10.2,0.67,0.39,5
487,10.2,0.645,0.36,6
488,11.6,0.32,0.55,7
489,9.3,0.39,0.4,6
490,9.3,0.775,0.27,6
491,9.2,0.41,0.5,7
492,8.9,0.4,0.51,7
493,8.7,0.69,0.31,6
494,6.5,0.39,0.23,6
495,10.7,0.35,0.53,8
496,7.8,0.52,0.25,6
497,7.2,0.34,0.32,5
498,10.7,0.35,0.53,8
499,8.7,0.69,0.31,6
500,7.8,0.52,0.25,6
501,10.4,0.44,0.73,7
502,10.4,0.44,0.73,7
503,10.5,0.26,0.47,7
504,10.5,0.24,0.42,7
505,10.2,0.49,0.63,7
506,10.4,0.24,0.46,7
507,11.2,0.67,0.55,6
508,10.0,0.59,0.31,6
509,12.349999999999998,0.29,0.75,7
510,12.349999999999998,0.42,0.49,5
511,10.0,0.59,0.31,6
512,10.7,0.4,0.48,6
513,10.5,0.51,0.64,7
514,10.5,0.51,0.64,7
515,8.5,0.655,0.49,5
516,12.349999999999998,0.6,0.49,6
517,10.4,0.61,0.49,3
518,10.9,0.21,0.49,6
519,7.3,0.365,0.49,5
520,9.8,0.25,0.49,6
521,7.6,0.41,0.49,5
522,8.2,0.39,0.49,5
523,9.3,0.4,0.49,5
524,9.2,0.43,0.49,5
525,10.4,0.64,0.24,5
526,7.3,0.365,0.49,5
527,7.0,0.38,0.49,6
528,8.2,0.42,0.49,6
529,9.9,0.63,0.24,5
530,9.1,0.22,0.24,6
531,11.9,0.38,0.49,5
532,11.9,0.38,0.49,5
533,10.3,0.27,0.24,6
534,10.0,0.48,0.24,6
535,9.1,0.22,0.24,6
536,9.9,0.63,0.24,5
537,8.1,0.825,0.24,6
538,12.349999999999998,0.35,0.49,7
539,11.2,0.5,0.74,5
540,9.2,0.59,0.24,5
541,9.5,0.46,0.49,6
542,9.3,0.715,0.24,5
543,11.2,0.66,0.24,6
544,12.349999999999998,0.31,0.74,6
545,9.1,0.47,0.49,5
546,7.5,0.55,0.24,6
547,10.6,0.31,0.49,6
548,12.349999999999998,0.35,0.49,6
549,9.0,0.53,0.49,6
550,6.8,0.51,0.01,6
551,9.4,0.43,0.24,6
552,9.5,0.46,0.24,6
553,5.0,1.0150000000000001,0.24,5
554,12.349999999999998,0.645,0.49,5
555,12.349999999999998,0.645,0.49,5
556,10.9,0.53,0.49,6
557,12.349999999999998,0.645,0.49,5
558,10.9,0.53,0.49,6
559,12.349999999999998,0.47,0.49,6
560,12.349999999999998,0.6,0.49,5
561,9.0,0.44,0.49,5
562,9.0,0.54,0.49,5
563,7.6,0.29,0.49,6
564,12.349999999999998,0.47,0.49,6
565,12.349999999999998,0.6,0.49,5
566,8.7,0.7,0.24,6
567,8.7,0.7,0.24,6
568,9.8,0.5,0.49,6
569,6.2,0.36,0.24,6
570,11.5,0.35,0.49,6
571,6.2,0.36,0.24,6
572,10.2,0.24,0.49,5
573,10.5,0.59,0.49,4
574,10.6,0.34,0.49,6
575,12.3,0.27,0.49,6
576,9.9,0.5,0.24,4
577,8.8,0.44,0.49,5
578,8.8,0.47,0.49,5
579,10.6,0.31,0.49,6
580,12.3,0.5,0.49,5
581,12.3,0.5,0.49,5
582,11.7,0.49,0.49,5
583,12.0,0.28,0.49,7
584,11.8,0.33,0.49,7
585,7.6,0.51,0.24,6
586,11.1,0.31,0.49,7
587,7.3,0.73,0.24,5
588,5.0,0.42,0.24,8
589,10.2,0.29,0.49,7
590,9.0,0.45,0.49,5
591,6.6,0.39,0.49,6
592,9.0,0.45,0.49,5
593,9.9,0.49,0.58,5
594,7.9,0.72,0.17,5
595,8.9,0.595,0.41,5
596,12.349999999999998,0.4,0.51,6
597,11.9,0.58,0.58,6
598,8.5,0.585,0.18,6
599,12.349999999999998,0.59,0.45,6
600,8.2,0.915,0.27,4
601,12.349999999999998,0.46,0.52,6
602,7.7,0.835,0.0,5
603,12.349999999999998,0.46,0.52,6
604,8.3,0.58,0.13,6
605,8.3,0.6,0.13,6
606,9.4,0.41,0.48,7
607,8.8,0.48,0.41,6
608,10.1,0.65,0.37,6
609,6.3,0.36,0.19,6
610,8.8,0.24,0.54,5
611,12.349999999999998,0.38,0.55,5
612,7.5,0.64,0.0,6
613,8.2,0.39,0.38,5
614,9.2,0.755,0.18,6
615,9.6,0.6,0.5,5
616,9.6,0.6,0.5,5
617,11.5,0.31,0.51,6
618,11.4,0.46,0.5,5
619,11.3,0.37,0.41,5
620,8.3,0.54,0.24,5
621,8.2,0.56,0.23,5
622,10.0,0.58,0.22,5
623,7.9,0.51,0.25,6
624,6.8,0.69,0.0,5
625,6.8,0.69,0.0,5
626,8.8,0.6,0.29,5
627,8.8,0.6,0.29,5
628,8.7,0.54,0.26,6
629,7.6,0.685,0.23,5
630,8.7,0.54,0.26,6
631,10.4,0.28,0.54,5
632,7.6,0.41,0.14,6
633,10.1,0.935,0.22,4
634,7.9,0.35,0.21,5
635,8.7,0.84,0.0,5
636,9.6,0.88,0.28,5
637,9.5,0.885,0.27,5
638,7.7,0.915,0.12,7
639,8.9,0.29,0.35,6
640,9.9,0.54,0.45,5
641,9.5,0.59,0.44,5
642,9.9,0.54,0.45,5
643,9.5,0.59,0.44,5
644,9.9,0.54,0.45,5
645,7.8,0.64,0.1,7
646,7.3,0.67,0.05,5
647,8.3,0.845,0.01,4
648,8.7,0.48,0.3,7
649,6.7,0.42,0.27,6
650,10.7,0.43,0.39,5
651,9.8,0.88,0.25,5
652,12.349999999999998,0.36,0.65,5
653,9.4,0.33,0.59,6
654,8.6,0.47,0.47,5
655,9.7,0.55,0.17,5
656,10.7,0.43,0.39,5
657,12.0,0.5,0.59,7
658,7.2,0.52,0.07,6
659,7.1,0.84,0.02,4
660,7.2,0.52,0.07,6
661,7.5,0.42,0.31,5
662,7.2,0.57,0.06,6
663,10.1,0.28,0.46,6
664,12.1,0.4,0.52,5
665,9.4,0.59,0.14,5
666,8.3,0.49,0.36,6
667,11.3,0.34,0.45,6
668,10.0,0.73,0.43,5
669,11.3,0.34,0.45,6
670,6.9,0.4,0.24,5
671,8.2,0.73,0.21,5
672,9.8,1.0150000000000001,0.34,5
673,8.2,0.73,0.21,5
674,10.8,0.4,0.41,6
675,9.3,0.41,0.39,5
676,10.8,0.4,0.41,6
677,8.6,0.8,0.11,5
678,8.3,0.78,0.1,5
679,10.8,0.26,0.45,5
680,12.349999999999998,0.43,0.58,5
681,8.0,0.45,0.23,6
682,8.5,0.46,0.31,5
683,8.1,0.78,0.23,5
684,9.8,0.98,0.32,5
685,8.1,0.78,0.23,5
686,7.1,0.65,0.18,5
687,9.1,0.64,0.23,5
688,7.7,0.66,0.04,5
689,8.1,0.38,0.48,5
690,7.4,1.0150000000000001,0.0,3
691,9.2,0.92,0.24,5
692,8.6,0.49,0.51,5
693,9.0,0.48,0.32,5
694,9.0,0.47,0.31,5
695,5.1,0.47,0.02,6
696,7.0,0.65,0.02,6
697,7.0,0.65,0.02,6
698,9.4,0.615,0.28,5
699,11.8,0.38,0.55,6
700,10.6,1.0150000000000001,0.43,6
701,7.0,0.65,0.02,6
702,7.0,0.64,0.02,6
703,7.5,0.38,0.48,4
704,9.1,0.765,0.04,4
705,8.4,1.0150000000000001,0.15,5
706,7.0,0.78,0.08,5
707,7.4,0.49,0.19,5
708,7.8,0.545,0.12,6
709,9.7,0.31,0.47,6
710,10.6,1.0150000000000001,0.43,5
711,8.9,0.565,0.34,5
712,8.7,0.69,0.0,5
713,8.0,0.43,0.36,5
714,9.9,0.74,0.28,5
715,7.2,0.49,0.18,6
716,8.0,0.43,0.36,5
717,7.6,0.46,0.11,5
718,8.4,0.56,0.04,5
719,7.1,0.66,0.0,5
720,8.4,0.56,0.04,5
721,8.9,0.48,0.24,5
722,7.6,0.42,0.08,5
723,7.1,0.31,0.3,5
724,7.5,1.0150000000000001,0.1,4
725,9.0,0.66,0.17,5
726,8.1,0.72,0.09,6
727,6.4,0.57,0.02,5
728,6.4,0.57,0.02,5
729,6.4,0.865,0.03,6
730,9.5,0.55,0.66,5
731,8.9,0.875,0.13,5
732,7.3,0.835,0.03,5
733,7.0,0.45,0.34,5
734,7.7,0.56,0.2,5
735,7.7,0.965,0.1,5
736,7.7,0.965,0.1,5
737,8.2,0.59,0.0,6
738,9.0,0.46,0.23,5
739,9.0,0.69,0.0,5
740,8.3,0.76,0.29,6
741,9.2,0.53,0.24,5
742,6.5,0.615,0.0,5
743,11.6,0.41,0.58,5
744,11.1,0.39,0.54,5
745,7.3,0.51,0.18,6
746,8.2,0.34,0.38,6
747,8.6,0.33,0.4,5
748,7.2,0.5,0.18,6
749,7.3,0.51,0.18,6
750,8.3,0.65,0.1,5
751,8.3,0.65,0.1,5
752,7.6,0.54,0.13,5
753,8.3,0.65,0.1,5
754,7.8,0.48,0.68,6
755,7.8,0.91,0.07,6
756,6.3,0.98,0.01,6
757,8.1,0.87,0.0,5
758,8.1,0.87,0.0,5
759,8.8,0.42,0.21,5
760,9.0,0.58,0.25,5
761,9.3,0.655,0.26,5
762,8.8,0.7,0.0,6
763,9.3,0.655,0.26,5
764,9.1,0.68,0.11,6
765,9.2,0.67,0.1,6
766,8.8,0.59,0.18,5
767,7.5,0.6,0.32,5
768,7.1,0.59,0.02,6
769,7.9,0.72,0.01,5
770,7.1,0.59,0.02,6
771,9.4,0.685,0.26,5
772,9.5,0.57,0.27,5
773,7.9,0.4,0.29,6
774,7.9,0.4,0.3,6
775,7.2,1.0,0.0,5
776,6.9,0.765,0.18,6
777,6.9,0.635,0.17,6
778,8.3,0.43,0.3,5
779,7.1,0.52,0.03,5
780,7.0,0.57,0.0,6
781,6.5,0.46,0.14,5
782,9.0,0.82,0.05,5
783,6.5,0.46,0.14,5
784,7.1,0.59,0.01,5
785,9.9,0.35,0.41,5
786,9.9,0.35,0.41,5
787,10.0,0.56,0.24,6
788,10.0,0.56,0.24,6
789,8.6,0.63,0.17,5
790,7.4,0.37,0.43,6
791,8.8,0.64,0.17,5
792,7.1,0.61,0.02,6
793,7.7,0.6,0.0,5
794,10.1,0.27,0.54,6
795,10.8,0.89,0.3,5
796,8.7,0.46,0.31,5
797,9.3,0.37,0.44,7
798,9.4,0.5,0.34,6
799,9.4,0.5,0.34,6
800,7.2,0.61,0.08,5
801,8.6,0.55,0.09,5
802,5.1,0.585,0.0,7
803,7.7,0.56,0.08,6
804,8.4,0.52,0.22,6
805,8.2,0.28,0.4,7
806,8.4,0.25,0.39,7
807,8.2,0.28,0.4,7
808,7.4,0.53,0.12,5
809,7.6,0.48,0.31,6
810,7.3,0.49,0.1,5
811,12.349999999999998,0.5,0.55,6
812,10.8,0.45,0.33,5
813,6.9,0.39,0.24,4
814,12.349999999999998,0.41,0.54,6
815,10.8,0.45,0.33,5
816,9.8,0.51,0.19,6
817,10.8,0.29,0.42,6
818,7.1,0.715,0.0,5
819,9.1,0.66,0.15,5
820,7.0,0.685,0.0,5
821,4.9,0.42,0.0,7
822,6.7,0.54,0.13,5
823,6.7,0.54,0.13,5
824,7.1,0.48,0.28,5
825,7.1,0.46,0.14,5
826,7.5,0.27,0.34,7
827,7.1,0.46,0.14,5
828,7.8,0.57,0.09,8
829,5.9,0.61,0.08,6
830,7.5,0.685,0.07,4
831,5.9,0.61,0.08,6
832,10.4,0.44,0.42,3
833,11.6,0.47,0.44,4
834,8.8,0.685,0.26,5
835,7.6,0.665,0.1,5
836,6.7,0.28,0.28,7
837,6.7,0.28,0.28,7
838,10.1,0.31,0.35,7
839,6.0,0.5,0.04,5
840,11.1,0.42,0.47,7
841,6.6,0.66,0.0,5
842,10.6,0.5,0.45,6
843,7.1,0.685,0.35,5
844,9.9,0.25,0.46,6
845,6.4,0.64,0.21,5
846,6.4,0.64,0.21,5
847,7.4,0.68,0.16,6
848,6.4,0.64,0.21,5
849,6.4,0.63,0.21,5
850,9.3,0.43,0.44,5
851,9.3,0.43,0.44,5
852,8.0,0.42,0.32,5
853,9.3,0.36,0.39,6
854,9.3,0.36,0.39,6
855,7.6,0.735,0.02,7
856,9.3,0.36,0.39,6
857,8.2,0.26,0.34,7
858,11.7,0.28,0.47,7
859,6.8,0.56,0.22,6
860,7.2,0.62,0.06,5
861,5.8,1.01,0.66,6
862,7.5,0.42,0.32,5
863,7.2,0.62,0.06,5
864,7.2,0.62,0.06,5
865,7.2,0.635,0.07,5
866,6.8,0.49,0.22,6
867,6.9,0.51,0.23,6
868,6.8,0.56,0.22,6
869,7.6,0.63,0.03,6
870,7.7,0.715,0.01,6
871,6.9,0.56,0.03,5
872,7.3,0.35,0.24,4
873,9.1,0.21,0.37,7
874,10.4,0.38,0.46,7
875,8.8,0.31,0.4,7
876,7.1,0.47,0.0,4
877,7.7,0.715,0.01,6
878,8.8,0.61,0.19,6
879,7.2,0.6,0.04,5
880,9.2,0.56,0.18,5
881,7.6,0.715,0.0,6
882,8.4,0.31,0.29,6
883,7.2,0.6,0.04,5
884,8.8,0.61,0.19,6
885,8.9,0.75,0.14,5
886,9.0,0.8,0.12,6
887,10.7,0.52,0.38,7
888,6.8,0.57,0.0,6
889,10.7,0.9,0.34,5
890,7.2,0.34,0.24,5
891,7.2,0.66,0.03,5
892,10.1,0.45,0.23,6
893,7.2,0.66,0.03,5
894,7.2,0.63,0.03,6
895,7.1,0.59,0.01,6
896,8.3,0.31,0.39,7
897,7.1,0.59,0.01,6
898,8.3,0.31,0.39,7
899,8.3,1.0150000000000001,0.02,3
900,8.9,0.31,0.36,5
901,7.4,0.635,0.1,7
902,7.4,0.635,0.1,7
903,6.8,0.59,0.06,7
904,6.8,0.59,0.06,7
905,9.2,0.58,0.2,5
906,7.2,0.54,0.27,5
907,6.1,0.56,0.0,6
908,7.4,0.52,0.13,6
909,7.3,0.305,0.39,6
910,9.3,0.38,0.48,6
911,9.1,0.28,0.46,6
912,10.0,0.46,0.44,6
913,9.4,0.395,0.46,7
914,7.3,0.305,0.39,6
915,8.6,0.315,0.4,6
916,5.3,0.715,0.19,5
917,6.8,0.41,0.31,6
918,8.4,0.36,0.32,6
919,8.4,0.62,0.12,6
920,9.6,0.41,0.37,5
921,8.4,0.36,0.32,6
922,8.4,0.62,0.12,6
923,6.8,0.41,0.31,6
924,8.6,0.47,0.27,5
925,8.6,0.22,0.36,7
926,9.4,0.24,0.33,6
927,8.4,0.67,0.19,4
928,8.6,0.47,0.27,5
929,8.7,0.33,0.38,7
930,6.6,0.61,0.01,5
931,7.4,0.61,0.01,5
932,7.6,0.4,0.29,6
933,7.4,0.61,0.01,5
934,6.6,0.61,0.01,5
935,8.8,0.3,0.38,6
936,8.8,0.3,0.38,6
937,12.0,0.63,0.5,4
938,7.2,0.38,0.38,7
939,6.2,0.46,0.17,5
940,9.6,0.33,0.52,7
941,9.9,0.27,0.49,7
942,10.1,0.43,0.4,7
943,9.8,0.5,0.34,7
944,8.3,0.3,0.49,7
945,10.2,0.44,0.42,7
946,10.2,0.44,0.58,7
947,8.3,0.28,0.48,7
948,8.9,0.12,0.45,7
949,8.9,0.12,0.45,7
950,8.9,0.12,0.45,7
951,8.3,0.28,0.48,7
952,8.2,0.31,0.4,7
953,10.2,0.34,0.48,7
954,7.6,0.43,0.4,6
955,8.5,0.21,0.52,5
956,9.0,0.36,0.52,6
957,9.5,0.37,0.52,6
958,6.4,0.57,0.12,7
959,8.0,0.59,0.05,5
960,8.5,0.47,0.27,6
961,7.1,0.56,0.14,5
962,6.6,0.57,0.02,5
963,8.8,0.27,0.39,6
964,8.5,0.47,0.27,6
965,8.3,0.34,0.4,6
966,9.0,0.38,0.41,7
967,8.5,0.66,0.2,5
968,9.0,0.4,0.43,6
969,6.7,0.56,0.09,5
970,10.4,0.26,0.48,6
971,10.4,0.26,0.48,6
972,10.1,0.38,0.5,7
973,8.5,0.34,0.44,5
974,8.8,0.33,0.41,7
975,7.2,0.41,0.3,5
976,7.2,0.41,0.3,5
977,8.4,0.59,0.29,5
978,7.0,0.4,0.32,7
979,12.2,0.45,0.49,5
980,9.1,0.5,0.3,6
981,9.5,0.86,0.26,5
982,7.3,0.52,0.32,6
983,9.1,0.5,0.3,6
984,12.2,0.45,0.49,5
985,7.4,0.58,0.0,6
986,9.8,0.34,0.39,7
987,7.1,0.36,0.3,5
988,7.7,0.39,0.12,5
989,9.7,0.295,0.4,6
990,7.7,0.39,0.12,5
991,7.1,0.34,0.28,5
992,6.5,0.4,0.1,6
993,7.1,0.34,0.28,5
994,10.0,0.35,0.45,5
995,7.7,0.6,0.06,6
996,5.6,0.66,0.0,7
997,5.6,0.66,0.0,7
998,8.9,0.84,0.34,6
999,6.4,0.69,0.0,6
1000,7.5,0.43,0.3,7
1001,9.9,0.35,0.38,7
1002,9.1,0.29,0.33,7
1003,6.8,0.36,0.32,7
1004,8.2,0.43,0.29,5
1005,6.8,0.36,0.32,7
1006,9.1,0.29,0.33,7
1007,9.1,0.3,0.34,7
1008,8.9,0.35,0.4,7
1009,9.6,0.5,0.36,5
1010,8.9,0.28,0.45,7
1011,8.9,0.32,0.31,6
1012,7.7,1.005,0.15,5
1013,7.5,0.71,0.0,6
1014,8.0,0.58,0.16,6
1015,10.5,0.39,0.46,6
1016,8.9,0.38,0.4,7
1017,8.0,0.18,0.37,6
1018,8.0,0.18,0.37,6
1019,7.0,0.5,0.14,5
1020,11.3,0.36,0.66,6
1021,11.3,0.36,0.66,6
1022,7.0,0.51,0.09,5
1023,8.2,0.32,0.42,6
1024,7.7,0.58,0.01,7
1025,8.6,0.83,0.0,6
1026,7.9,0.31,0.32,6
1027,6.4,0.795,0.0,5
1028,7.2,0.34,0.21,6
1029,7.7,0.58,0.01,7
1030,7.1,0.59,0.0,7
1031,7.3,0.55,0.01,7
1032,8.1,0.82,0.0,5
1033,7.5,0.57,0.08,6
1034,8.9,0.745,0.18,6
1035,10.1,0.37,0.34,7
1036,7.6,0.31,0.34,7
1037,7.3,0.91,0.1,5
1038,8.7,0.41,0.41,7
1039,8.9,0.5,0.21,6
1040,7.4,0.965,0.0,5
1041,6.9,0.49,0.19,6
1042,8.9,0.5,0.21,6
1043,9.5,0.39,0.41,7
1044,6.4,0.39,0.33,6
1045,6.9,0.44,0.0,6
1046,7.6,0.78,0.0,6
1047,7.1,0.43,0.17,5
1048,9.3,0.49,0.36,6
1049,9.3,0.5,0.36,6
1050,7.1,0.43,0.17,5
1051,8.5,0.46,0.59,5
1052,5.6,0.605,0.05,5
1053,8.3,0.33,0.42,7
1054,8.2,0.64,0.27,6
1055,8.2,0.64,0.27,6
1056,8.9,0.48,0.53,7
1057,7.6,0.42,0.25,5
1058,9.9,0.53,0.57,7
1059,8.9,0.48,0.53,7
1060,11.6,0.23,0.57,6
1061,9.1,0.4,0.5,8
1062,8.0,0.38,0.44,6
1063,10.2,0.29,0.65,6
1064,8.2,0.74,0.09,6
1065,7.7,0.61,0.18,6
1066,6.6,0.52,0.08,7
1067,11.1,0.31,0.53,7
1068,11.1,0.31,0.53,7
1069,8.0,0.62,0.35,5
1070,9.3,0.33,0.45,7
1071,7.5,0.77,0.2,5
1072,7.2,0.35,0.26,6
1073,8.0,0.62,0.33,6
1074,7.5,0.77,0.2,5
1075,9.1,0.25,0.34,7
1076,9.9,0.32,0.56,6
1077,8.6,0.37,0.65,5
1078,8.6,0.37,0.65,5
1079,7.9,0.3,0.68,7
1080,10.3,0.27,0.56,6
1081,7.9,0.3,0.68,7
1082,7.2,0.38,0.3,6
1083,8.7,0.42,0.45,6
1084,7.2,0.38,0.3,6
1085,6.8,0.48,0.08,5
1086,8.5,0.34,0.4,7
1087,7.9,0.19,0.42,6
1088,11.6,0.41,0.54,7
1089,11.6,0.41,0.54,7
1090,10.0,0.26,0.54,8
1091,7.9,0.34,0.42,6
1092,7.0,0.54,0.09,6
1093,9.2,0.31,0.36,7
1094,6.6,0.725,0.09,6
1095,9.4,0.4,0.47,5
1096,6.6,0.725,0.09,6
1097,8.6,0.52,0.38,5
1098,8.0,0.31,0.45,7
1099,8.6,0.52,0.38,5
1100,8.4,0.34,0.42,6
1101,7.4,0.49,0.27,6
1102,6.1,0.48,0.09,6
1103,7.4,0.49,0.27,6
1104,8.0,0.48,0.34,6
1105,6.3,0.57,0.28,5
1106,8.2,0.23,0.42,6
1107,9.1,0.3,0.41,7
1108,8.1,0.78,0.1,5
1109,10.8,0.47,0.43,6
1110,8.3,0.53,0.0,6
1111,5.4,0.42,0.27,7
1112,7.9,0.33,0.41,6
1113,8.9,0.24,0.39,6
1114,5.0,0.4,0.5,6
1115,7.0,0.69,0.07,6
1116,7.0,0.69,0.07,6
1117,7.0,0.69,0.07,6
1118,7.1,0.39,0.12,6
1119,5.6,0.66,0.0,5
1120,7.9,0.54,0.34,8
1121,6.6,0.5,0.0,6
1122,6.3,0.47,0.0,6
1123,10.7,0.4,0.37,6
1124,6.5,0.58,0.0,4
1125,8.8,0.24,0.35,7
1126,5.8,0.29,0.26,6
1127,6.3,0.76,0.0,6
1128,10.0,0.43,0.33,5
1129,10.5,0.43,0.35,6
1130,9.1,0.6,0.0,6
1131,5.9,0.19,0.21,5
1132,7.4,0.36,0.34,7
1133,7.2,0.48,0.07,7
1134,8.5,0.28,0.35,7
1135,8.0,0.25,0.43,6
1136,10.4,0.52,0.45,6
1137,10.4,0.52,0.45,6
1138,7.5,0.41,0.15,5
1139,8.2,0.51,0.24,6
1140,7.3,0.4,0.3,6
1141,8.2,0.38,0.32,6
1142,6.9,0.45,0.11,6
1143,7.0,0.22,0.3,6
1144,7.3,0.32,0.23,5
1145,8.2,0.2,0.43,6
1146,7.8,0.5,0.12,6
1147,10.0,0.41,0.45,7
1148,7.8,0.39,0.42,6
1149,10.0,0.35,0.47,6
1150,8.2,0.33,0.32,7
1151,6.1,0.58,0.23,6
1152,8.3,0.6,0.25,5
1153,9.6,0.42,0.35,6
1154,6.6,0.58,0.0,6
1155,8.3,0.6,0.25,5
1156,8.5,0.18,0.51,7
1157,5.1,0.51,0.18,7
1158,6.7,0.41,0.43,6
1159,10.2,0.41,0.43,5
1160,10.6,0.36,0.57,7
1161,8.8,0.45,0.43,6
1162,8.5,0.32,0.42,7
1163,9.0,0.785,0.24,5
1164,9.0,0.785,0.24,5
1165,8.5,0.44,0.5,5
1166,9.9,0.54,0.26,5
1167,8.2,0.33,0.39,7
1168,6.5,0.34,0.27,6
1169,7.6,0.5,0.29,6
1170,9.2,0.36,0.34,6
1171,7.1,0.59,0.0,6
1172,9.7,0.42,0.46,6
1173,7.6,0.36,0.31,6
1174,7.6,0.36,0.31,6
1175,6.5,0.61,0.0,6
1176,6.5,0.88,0.03,4
1177,7.1,0.66,0.0,7
1178,5.6,0.915,0.0,5
1179,8.2,0.35,0.33,6
1180,8.2,0.35,0.33,6
1181,9.8,0.39,0.43,5
1182,10.2,0.4,0.4,6
1183,6.8,0.66,0.07,5
1184,6.7,0.64,0.23,5
1185,7.0,0.43,0.3,6
1186,6.6,0.8,0.03,5
1187,7.0,0.43,0.3,6
1188,6.7,0.64,0.23,5
1189,8.8,0.955,0.05,4
1190,9.1,0.4,0.57,6
1191,6.5,0.885,0.0,5
1192,7.2,0.25,0.37,7
1193,6.4,0.885,0.0,5
1194,7.0,0.745,0.12,6
1195,6.2,0.43,0.22,6
1196,7.9,0.58,0.23,6
1197,7.7,0.57,0.21,6
1198,7.7,0.26,0.26,6
1199,7.9,0.58,0.23,6
1200,7.7,0.57,0.21,6
1201,7.9,0.34,0.36,7
1202,8.6,0.42,0.39,8
1203,9.9,0.74,0.19,5
1204,7.2,0.36,0.46,7
1205,7.2,0.36,0.46,7
1206,7.2,0.36,0.46,7
1207,9.9,0.72,0.55,5
1208,7.2,0.36,0.46,7
1209,6.2,0.39,0.43,7
1210,6.8,0.65,0.02,6
1211,6.6,0.44,0.15,5
1212,6.8,0.65,0.02,6
1213,9.6,0.38,0.42,6
1214,10.2,0.33,0.46,6
1215,8.8,0.27,0.46,6
1216,7.9,0.57,0.31,6
1217,8.2,0.34,0.37,6
1218,8.2,0.4,0.31,6
1219,9.0,0.39,0.4,6
1220,10.9,0.32,0.52,6
1221,10.9,0.32,0.52,6
1222,8.1,0.53,0.22,6
1223,10.5,0.36,0.47,6
1224,12.349999999999998,0.39,0.49,6
1225,9.2,0.46,0.23,5
1226,7.5,0.58,0.03,5
1227,9.0,0.58,0.25,5
1228,5.1,0.42,0.0,7
1229,7.6,0.43,0.29,5
1230,7.7,0.18,0.34,6
1231,7.8,0.815,0.01,5
1232,7.6,0.43,0.29,5
1233,10.2,0.23,0.37,4
1234,7.1,0.75,0.01,6
1235,6.0,0.33,0.32,4
1236,7.8,0.55,0.0,6
1237,7.1,0.75,0.01,6
1238,8.1,0.73,0.0,4
1239,6.5,0.67,0.0,4
1240,7.5,0.61,0.2,5
1241,9.8,0.37,0.39,5
1242,9.0,0.4,0.41,6
1243,8.3,0.56,0.22,5
1244,5.9,0.29,0.25,6
1245,7.4,0.55,0.19,5
1246,7.4,0.74,0.07,5
1247,7.4,0.55,0.19,5
1248,6.9,0.41,0.33,6
1249,7.1,0.6,0.01,6
1250,7.1,0.6,0.01,6
1251,7.5,0.58,0.14,5
1252,7.1,0.72,0.0,5
1253,7.9,0.66,0.0,5
1254,7.8,0.7,0.06,5
1255,6.1,0.64,0.02,5
1256,7.5,0.59,0.22,5
1257,7.0,0.58,0.28,6
1258,6.8,0.64,0.0,6
1259,6.8,0.64,0.0,6
1260,8.6,0.635,0.68,5
1261,6.3,1.0150000000000001,0.0,4
1262,9.8,0.45,0.38,5
1263,8.2,0.78,0.0,4
1264,8.5,0.37,0.32,6
1265,7.2,0.57,0.05,6
1266,7.2,0.57,0.05,6
1267,10.4,0.43,0.5,6
1268,6.9,0.41,0.31,6
1269,5.5,0.49,0.03,8
1270,5.0,0.38,0.01,6
1271,7.3,0.44,0.2,6
1272,5.9,0.46,0.0,5
1273,7.5,0.58,0.2,5
1274,7.8,0.58,0.13,6
1275,8.0,0.715,0.22,6
1276,8.5,0.4,0.4,4
1277,7.0,0.69,0.0,6
1278,8.0,0.715,0.22,6
1279,9.8,0.3,0.39,7
1280,7.1,0.46,0.2,6
1281,7.1,0.46,0.2,6
1282,7.9,0.765,0.0,6
1283,8.7,0.63,0.28,6
1284,7.0,0.42,0.19,5
1285,11.3,0.37,0.5,5
1286,7.1,0.16,0.44,6
1287,8.0,0.6,0.08,5
1288,7.0,0.6,0.3,5
1289,7.0,0.6,0.3,5
1290,7.6,0.74,0.0,5
1291,8.2,0.635,0.1,6
1292,5.9,0.395,0.13,6
1293,7.5,0.755,0.0,4
1294,8.2,0.635,0.1,6
1295,6.6,0.63,0.0,5
1296,6.6,0.63,0.0,5
1297,7.2,0.53,0.14,6
1298,5.7,0.6,0.0,6
1299,7.6,1.0150000000000001,0.0,3
1300,5.2,0.645,0.0,6
1301,6.7,0.86,0.07,6
1302,9.1,0.37,0.32,6
1303,8.0,0.28,0.44,5
1304,7.6,0.79,0.21,5
1305,7.5,0.61,0.26,5
1306,9.7,0.69,0.32,5
1307,6.8,0.68,0.09,4
1308,9.7,0.69,0.32,5
1309,7.0,0.62,0.1,5
1310,7.5,0.61,0.26,5
1311,6.5,0.51,0.15,6
1312,8.0,1.0150000000000001,0.21,5
1313,7.0,0.36,0.21,6
1314,7.0,0.36,0.21,6
1315,7.5,0.63,0.27,6
1316,5.4,0.74,0.0,6
1317,9.9,0.44,0.46,6
1318,7.5,0.63,0.27,6
1319,9.1,0.76,0.68,6
1320,9.7,0.66,0.34,5
1321,5.0,0.74,0.0,6
1322,9.1,0.34,0.42,5
1323,9.1,0.36,0.39,7
1324,6.7,0.46,0.24,6
1325,6.7,0.46,0.24,6
1326,6.7,0.46,0.24,6
1327,6.7,0.46,0.24,6
1328,6.5,0.52,0.11,5
1329,7.4,0.6,0.26,6
1330,7.4,0.6,0.26,6
1331,7.8,0.87,0.26,5
1332,8.4,0.39,0.1,6
1333,9.1,0.775,0.22,5
1334,7.2,0.835,0.0,5
1335,6.6,0.58,0.02,6
1336,6.0,0.5,0.0,5
1337,6.0,0.5,0.0,5
1338,6.0,0.5,0.0,5
1339,7.5,0.51,0.02,6
1340,7.5,0.51,0.02,6
1341,7.5,0.51,0.02,6
1342,7.6,0.54,0.02,6
1343,7.5,0.51,0.02,6
1344,11.5,0.42,0.48,5
1345,8.2,0.44,0.24,6
1346,6.1,0.59,0.01,5
1347,7.2,0.655,0.03,5
1348,7.2,0.655,0.03,5
1349,6.9,0.57,0.0,5
1350,9.0,0.6,0.29,5
1351,7.2,0.62,0.01,6
1352,7.6,0.645,0.03,5
1353,7.6,0.645,0.03,5
1354,7.2,0.58,0.03,5
1355,6.1,0.32,0.25,5
1356,6.1,0.34,0.25,5
1357,7.3,0.43,0.24,6
1358,7.4,0.64,0.17,5
1359,11.6,0.475,0.4,6
1360,9.2,0.54,0.31,5
1361,8.3,0.85,0.14,5
1362,11.6,0.475,0.4,6
1363,8.0,0.83,0.27,4
1364,7.2,0.605,0.02,6
1365,7.8,0.5,0.09,5
1366,7.3,0.74,0.08,5
1367,6.9,0.54,0.3,6
1368,8.0,0.77,0.32,6
1369,6.6,0.61,0.0,4
1370,8.7,0.78,0.51,5
1371,7.5,0.58,0.56,6
1372,8.7,0.78,0.51,5
1373,7.7,0.75,0.27,5
1374,6.8,0.815,0.0,3
1375,7.2,0.56,0.26,5
1376,8.2,0.885,0.2,5
1377,5.2,0.49,0.26,6
1378,7.2,0.45,0.15,6
1379,7.5,0.57,0.02,6
1380,7.5,0.57,0.02,6
1381,6.8,0.83,0.09,5
1382,8.0,0.6,0.22,5
1383,8.0,0.6,0.22,5
1384,7.1,0.755,0.15,5
1385,8.0,0.81,0.25,5
1386,7.4,0.64,0.07,5
1387,7.4,0.64,0.07,5
1388,6.6,0.64,0.31,5
1389,6.7,0.48,0.02,5
1390,6.0,0.49,0.0,6
1391,8.0,0.64,0.22,5
1392,7.1,0.62,0.06,5
1393,8.0,0.52,0.25,5
1394,6.4,0.57,0.14,5
1395,8.6,0.685,0.1,6
1396,8.7,0.675,0.1,5
1397,7.3,0.59,0.26,5
1398,7.0,0.6,0.12,7
1399,7.2,0.67,0.0,6
1400,7.9,0.69,0.21,5
1401,7.9,0.69,0.21,5
1402,7.6,0.3,0.42,6
1403,7.2,0.33,0.33,8
1404,8.0,0.5,0.39,6
1405,7.7,0.28,0.3,7
1406,8.2,0.24,0.34,6
1407,6.0,0.51,0.0,6
1408,8.1,0.29,0.36,7
1409,6.0,0.51,0.0,6
1410,6.6,0.96,0.0,6
1411,6.4,0.47,0.4,6
1412,8.2,0.24,0.34,6
1413,9.9,0.57,0.25,5
1414,10.0,0.32,0.59,5
1415,6.2,0.58,0.0,5
1416,10.0,0.32,0.59,5
1417,7.3,0.34,0.33,7
1418,7.8,0.53,0.01,5
1419,7.7,0.64,0.21,5
1420,7.8,0.53,0.01,5
1421,7.5,0.4,0.18,5
1422,7.0,0.54,0.0,6
1423,6.4,0.53,0.09,4
1424,8.3,0.26,0.37,6
1425,8.3,0.26,0.37,6
1426,7.7,0.23,0.37,6
1427,7.6,0.41,0.33,5
1428,7.8,0.64,0.0,5
1429,7.9,0.18,0.4,5
1430,7.4,0.41,0.24,5
1431,7.6,0.43,0.31,6
1432,5.9,0.44,0.0,6
1433,6.1,0.4,0.16,7
1434,10.2,0.54,0.37,6
1435,10.2,0.54,0.37,6
1436,10.0,0.38,0.38,5
1437,6.8,0.915,0.29,5
1438,7.0,0.59,0.0,5
1439,7.3,0.67,0.02,6
1440,7.2,0.37,0.32,7
1441,7.4,0.785,0.19,6
1442,6.9,0.63,0.02,5
1443,6.9,0.58,0.2,5
1444,7.3,0.67,0.02,6
1445,7.4,0.785,0.19,6
1446,6.9,0.63,0.02,5
1447,6.8,0.67,0.0,5
1448,6.9,0.58,0.01,5
1449,7.2,0.38,0.31,8
1450,7.2,0.37,0.32,7
1451,7.8,0.32,0.44,7
1452,6.6,0.58,0.02,7
1453,7.6,0.49,0.33,5
1454,11.7,0.45,0.63,6
1455,6.5,0.9,0.0,6
1456,6.0,0.54,0.06,6
1457,7.6,0.49,0.33,5
1458,8.4,0.29,0.4,5
1459,7.9,0.2,0.35,7
1460,6.4,0.42,0.09,6
1461,6.2,0.785,0.0,4
1462,6.8,0.64,0.03,6
1463,6.9,0.63,0.01,6
1464,6.8,0.59,0.1,5
1465,6.8,0.59,0.1,5
1466,7.3,0.48,0.32,7
1467,6.7,1.0150000000000001,0.08,4
1468,7.3,0.48,0.32,7
1469,7.3,0.98,0.05,3
1470,10.0,0.69,0.11,5
1471,6.7,0.7,0.08,5
1472,7.6,0.35,0.6,6
1473,6.1,0.6,0.08,5
1474,9.9,0.5,0.5,5
1475,5.3,0.47,0.11,7
1476,9.9,0.5,0.5,5
1477,5.3,0.47,0.11,7
1478,7.1,0.875,0.05,3
1479,8.2,0.28,0.6,5
1480,5.6,0.62,0.03,4
1481,8.2,0.28,0.6,5
1482,7.2,0.58,0.54,4
1483,8.1,0.33,0.44,5
1484,6.8,0.91,0.06,4
1485,7.0,0.655,0.16,5
1486,6.8,0.68,0.21,5
1487,6.0,0.64,0.05,5
1488,5.6,0.54,0.04,5
1489,6.2,0.57,0.1,6
1490,7.1,0.22,0.49,6
1491,5.6,0.54,0.04,5
1492,6.2,0.65,0.06,5
1493,7.7,0.54,0.26,5
1494,6.4,0.31,0.09,7
1495,7.0,0.43,0.02,6
1496,7.7,0.54,0.26,5
1497,6.9,0.74,0.03,6
1498,6.6,0.895,0.04,6
1499,6.9,0.74,0.03,6
1500,7.5,0.725,0.04,5
1501,7.8,0.82,0.29,5
1502,7.3,0.585,0.18,5
1503,6.2,0.44,0.39,6
1504,7.5,0.38,0.57,6
1505,6.7,0.76,0.02,3
1506,6.8,0.81,0.05,6
1507,7.5,0.38,0.57,6
1508,7.1,0.27,0.6,6
1509,7.9,0.18,0.4,5
1510,6.4,0.36,0.21,6
1511,7.1,0.69,0.04,5
1512,6.4,0.79,0.04,6
1513,6.4,0.56,0.15,6
1514,6.9,0.84,0.21,6
1515,6.9,0.84,0.21,6
1516,6.1,0.32,0.25,5
1517,6.5,0.53,0.06,6
1518,7.4,0.47,0.46,5
1519,6.6,0.7,0.08,5
1520,6.5,0.53,0.06,6
1521,6.9,0.48,0.2,4
1522,6.1,0.32,0.25,5
1523,6.8,0.48,0.25,5
1524,6.0,0.42,0.19,6
1525,6.7,0.48,0.08,5
1526,6.8,0.47,0.08,6
1527,7.1,0.53,0.07,6
1528,7.9,0.29,0.49,6
1529,7.1,0.69,0.08,6
1530,6.6,0.44,0.09,6
1531,6.1,0.705,0.1,5
1532,7.2,0.53,0.13,6
1533,8.0,0.39,0.3,5
1534,6.6,0.56,0.14,7
1535,7.0,0.55,0.13,6
1536,6.1,0.53,0.08,6
1537,5.4,0.58,0.08,6
1538,6.2,0.64,0.09,5
1539,7.2,0.39,0.32,5
1540,6.2,0.52,0.08,6
1541,7.4,0.25,0.29,7
1542,6.7,0.855,0.02,6
1543,11.1,0.44,0.42,6
1544,8.4,0.37,0.43,7
1545,6.5,0.63,0.33,6
1546,7.0,0.57,0.02,5
1547,6.3,0.6,0.1,5
1548,11.2,0.4,0.5,5
1549,7.4,0.36,0.3,8
1550,7.1,0.68,0.0,5
1551,7.1,0.67,0.0,5
1552,6.3,0.68,0.01,6
1553,7.3,0.735,0.0,5
1554,6.6,0.855,0.02,6
1555,7.0,0.56,0.17,7
1556,6.6,0.88,0.04,5
1557,6.6,0.855,0.02,6
1558,6.9,0.63,0.33,5
1559,7.8,0.6,0.26,5
1560,7.8,0.6,0.26,5
1561,7.8,0.6,0.26,5
1562,7.2,0.695,0.13,5
1563,7.2,0.695,0.13,5
1564,7.2,0.695,0.13,5
1565,6.7,0.67,0.02,6
1566,6.7,0.16,0.64,6
1567,7.2,0.695,0.13,5
1568,7.0,0.56,0.13,5
1569,6.2,0.51,0.14,6
1570,6.4,0.36,0.53,6
1571,6.4,0.38,0.14,6
1572,7.3,0.69,0.32,5
1573,6.0,0.58,0.2,6
1574,5.6,0.31,0.78,6
1575,7.5,0.52,0.4,6
1576,8.0,0.3,0.63,6
1577,6.2,0.7,0.15,6
1578,6.8,0.67,0.15,6
1579,6.2,0.56,0.09,5
1580,7.4,0.35,0.33,6
1581,6.2,0.56,0.09,5
1582,6.1,0.715,0.1,5
1583,6.2,0.46,0.29,5
1584,6.7,0.32,0.44,7
1585,7.2,0.39,0.44,6
1586,7.5,0.31,0.41,6
1587,5.8,0.61,0.11,6
1588,7.2,0.66,0.33,6
1589,6.6,0.725,0.2,5
1590,6.3,0.55,0.15,6
1591,5.4,0.74,0.09,6
1592,6.3,0.51,0.13,6
1593,6.8,0.62,0.08,6
1594,6.2,0.6,0.08,5
1595,5.9,0.55,0.1,6
1596,6.3,0.51,0.13,6
1597,5.9,0.645,0.12,5
1598,6.0,0.31,0.47,6
